company_name,source,profile_url,official_site,jobs_page,ats_type,ats_board_url,ats_slug,cryptojobslist_fallback_jobs_page,resolution_type,notes
17,ats_master_db,,,,greenhouse,https://boards.greenhouse.io/17,17,,,
20,ats_master_db,,,,greenhouse,https://job-boards.greenhouse.io/20,20,,,
Airbnb,ats_master_db,,,,greenhouse,https://boards.greenhouse.io/airbnb,airbnb,,,
Akoya,ats_master_db,,,,greenhouse,https://boards.greenhouse.io/akoya,akoya,,,
Arctouch,ats_master_db,,,,greenhouse,https://boards.greenhouse.io/arctouch,arctouch,,,
Arizonaliverhealth,ats_master_db,,,,greenhouse,https://job-boards.greenhouse.io/arizonaliverhealth,arizonaliverhealth,,,
Arkanalaboratories,ats_master_db,,,,greenhouse,https://boards.greenhouse.io/arkanalaboratories,arkanalaboratories,,,
Aura,ats_master_db,,,,greenhouse,https://job-boards.greenhouse.io/aura,aura,,,
Beewise,ats_master_db,,,,greenhouse,https://boards.greenhouse.io/beewise,beewise,,,
Bluecoreinc,ats_master_db,,,,greenhouse,https://job-boards.greenhouse.io/bluecoreinc,bluecoreinc,,,
Bozzuto,ats_master_db,,,,greenhouse,https://boards.greenhouse.io/bozzuto,bozzuto,,,
Braincorporation,ats_master_db,,,,greenhouse,https://boards.greenhouse.io/braincorporation,braincorporation,,,
Caredimensions,ats_master_db,,,,greenhouse,https://job-boards.greenhouse.io/caredimensions,caredimensions,,,
Carvana,ats_master_db,,,,greenhouse,https://job-boards.greenhouse.io/carvana,carvana,,,
Classpass,ats_master_db,,,,greenhouse,https://job-boards.greenhouse.io/classpass,classpass,,,
Cloudflare,ats_master_db,,,,greenhouse,https://job-boards.greenhouse.io/cloudflare,cloudflare,,,
Complyadvantage,ats_master_db,,,,greenhouse,https://job-boards.greenhouse.io/complyadvantage,complyadvantage,,,
Cookunity,ats_master_db,,,,greenhouse,https://job-boards.greenhouse.io/cookunity,cookunity,,,
Current81,ats_master_db,,,,greenhouse,https://job-boards.greenhouse.io/current81,current81,,,
D2L,ats_master_db,,,,greenhouse,https://job-boards.greenhouse.io/d2l,d2l,,,
Databricks,ats_master_db,,,,greenhouse,https://job-boards.greenhouse.io/databricks,databricks,,,
Dayonebiopharmaceuticals,ats_master_db,,,,greenhouse,https://job-boards.greenhouse.io/dayonebiopharmaceuticals,dayonebiopharmaceuticals,,,
Destinationcanadafr,ats_master_db,,,,greenhouse,https://job-boards.greenhouse.io/destinationcanadafr,destinationcanadafr,,,
Dispatchbio,ats_master_db,,,,greenhouse,https://job-boards.greenhouse.io/dispatchbio,dispatchbio,,,
Easthampton,ats_master_db,,,,greenhouse,https://boards.greenhouse.io/easthampton,easthampton,,,
Fanduel,ats_master_db,,,,greenhouse,https://job-boards.greenhouse.io/fanduel,fanduel,,,
Fieldwire,ats_master_db,,,,greenhouse,https://boards.greenhouse.io/fieldwire,fieldwire,,,
Fletcherjonesimports,ats_master_db,,,,greenhouse,https://job-boards.greenhouse.io/fletcherjonesimports,fletcherjonesimports,,,
Fletcherjonesmotorcarsoffremont,ats_master_db,,,,greenhouse,https://job-boards.greenhouse.io/fletcherjonesmotorcarsoffremont,fletcherjonesmotorcarsoffremont,,,
Flipapp1,ats_master_db,,,,greenhouse,https://boards.greenhouse.io/flipapp1,flipapp1,,,
Fortisgames,ats_master_db,,,,greenhouse,https://job-boards.greenhouse.io/fortisgames,fortisgames,,,
Golin,ats_master_db,,,,greenhouse,https://job-boards.greenhouse.io/golin,golin,,,
Guild,ats_master_db,,,,greenhouse,https://job-boards.greenhouse.io/guild,guild,,,
Headoutcareers,ats_master_db,,,,greenhouse,https://job-boards.greenhouse.io/headoutcareers,headoutcareers,,,
Hitachivantaracorporation,ats_master_db,,,,greenhouse,https://boards.greenhouse.io/hitachivantaracorporation,hitachivantaracorporation,,,
Hivestack,ats_master_db,,,,greenhouse,https://job-boards.greenhouse.io/hivestack,hivestack,,,
Hubspotjobs,ats_master_db,,,,greenhouse,https://job-boards.greenhouse.io/hubspotjobs,hubspotjobs,,,
Inizioevoke,ats_master_db,,,,greenhouse,https://job-boards.greenhouse.io/inizioevoke,inizioevoke,,,
Intellidyne,ats_master_db,,,,greenhouse,https://boards.greenhouse.io/intellidyne,intellidyne,,,
Interpayments,ats_master_db,,,,greenhouse,https://boards.greenhouse.io/interpayments,interpayments,,,
Invoicecloud,ats_master_db,,,,greenhouse,https://job-boards.greenhouse.io/invoicecloud,invoicecloud,,,
Liftoff,ats_master_db,,,,greenhouse,https://job-boards.greenhouse.io/liftoff,liftoff,,,
Matic,ats_master_db,,,,greenhouse,https://boards.greenhouse.io/matic,matic,,,
Mobileanesthesiologists,ats_master_db,,,,greenhouse,https://boards.greenhouse.io/mobileanesthesiologists,mobileanesthesiologists,,,
Monks,ats_master_db,,,,greenhouse,https://boards.greenhouse.io/monks,monks,,,
Networkbuildingconsulting,ats_master_db,,,,greenhouse,https://boards.greenhouse.io/networkbuildingconsulting,networkbuildingconsulting,,,
Opendoor,ats_master_db,,,,greenhouse,https://job-boards.greenhouse.io/opendoor,opendoor,,,
Pathai,ats_master_db,,,,greenhouse,https://boards.greenhouse.io/pathai,pathai,,,
Platacard,ats_master_db,,,,greenhouse,https://job-boards.greenhouse.io/platacard,platacard,,,
Priogen,ats_master_db,,,,greenhouse,https://boards.greenhouse.io/priogen,priogen,,,
Productred,ats_master_db,,,,greenhouse,https://job-boards.greenhouse.io/productred,productred,,,
Proof,ats_master_db,,,,greenhouse,https://boards.greenhouse.io/proof,proof,,,
Revivemd,ats_master_db,,,,greenhouse,https://boards.greenhouse.io/revivemd,revivemd,,,
Riversidepayments,ats_master_db,,,,greenhouse,https://boards.greenhouse.io/riversidepayments,riversidepayments,,,
Robinhood,ats_master_db,,,,greenhouse,https://boards.greenhouse.io/embed/job_board?for=robinhood,robinhood,,,
Rubrik,ats_master_db,,,,greenhouse,https://job-boards.greenhouse.io/rubrik,rubrik,,,
Samsara,ats_master_db,,,,greenhouse,https://boards.greenhouse.io/samsara,samsara,,,
Sofi,ats_master_db,,,,greenhouse,https://boards.greenhouse.io/sofi,sofi,,,
Supreme,ats_master_db,,,,greenhouse,https://boards.greenhouse.io/supreme,supreme,,,
Sweetgreen,ats_master_db,,,,greenhouse,https://boards.greenhouse.io/sweetgreen,sweetgreen,,,
Talroo,ats_master_db,,,,greenhouse,https://boards.greenhouse.io/talroo,talroo,,,
Towerresearchcapital,ats_master_db,,,,greenhouse,https://job-boards.greenhouse.io/towerresearchcapital,towerresearchcapital,,,
Truckstop,ats_master_db,,,,greenhouse,https://boards.greenhouse.io/truckstop,truckstop,,,
Wizinc,ats_master_db,,,,greenhouse,https://job-boards.greenhouse.io/wizinc,wizinc,,,
Acko,ats_master_db,,,,kula,https://careers.kula.ai/acko,acko,,,
Aetherbio,ats_master_db,,,,kula,https://careers.kula.ai/aetherbio,aetherbio,,,
Aftershoot,ats_master_db,,,,kula,https://careers.kula.ai/aftershoot,aftershoot,,,
Alaffia,ats_master_db,,,,kula,https://careers.kula.ai/alaffia,alaffia,,,
Ao Global Elite,ats_master_db,,,,kula,https://careers.kula.ai/ao-global-elite,ao-global-elite,,,
Apkudo,ats_master_db,,,,kula,https://careers.kula.ai/apkudo,apkudo,,,
Archetype Ai,ats_master_db,,,,kula,https://careers.kula.ai/archetype-ai,archetype-ai,,,
Autopilot,ats_master_db,,,,kula,https://careers.kula.ai/autopilot,autopilot,,,
Avantstay,ats_master_db,,,,kula,https://careers.kula.ai/avantstay,avantstay,,,
Blaze,ats_master_db,,,,kula,https://careers.kula.ai/blaze,blaze,,,
Brightmoney,ats_master_db,,,,kula,https://careers.kula.ai/brightmoney,brightmoney,,,
Chiri,ats_master_db,,,,kula,https://careers.kula.ai/chiri,chiri,,,
Clevertap,ats_master_db,,,,kula,https://careers.kula.ai/clevertap,clevertap,,,
Collate,ats_master_db,,,,kula,https://careers.kula.ai/collate,collate,,,
Covergenius,ats_master_db,,,,kula,https://careers.kula.ai/covergenius,covergenius,,,
Cube84,ats_master_db,,,,kula,https://careers.kula.ai/cube84,cube84,,,
Deepscribe,ats_master_db,,,,kula,https://careers.kula.ai/deepscribe,deepscribe,,,
Digantara,ats_master_db,,,,kula,https://careers.kula.ai/digantara,digantara,,,
Flow Com,ats_master_db,,,,kula,https://careers.kula.ai/flow-com,flow-com,,,
Fulcrum,ats_master_db,,,,kula,https://careers.kula.ai/fulcrum,fulcrum,,,
Gethealthie,ats_master_db,,,,kula,https://careers.kula.ai/gethealthie,gethealthie,,,
Growfin,ats_master_db,,,,kula,https://careers.kula.ai/growfin,growfin,,,
Healthnote,ats_master_db,,,,kula,https://careers.kula.ai/healthnote,healthnote,,,
Hire,ats_master_db,,,,kula,https://careers.kula.ai/hire,hire,,,
Ilant Health,ats_master_db,,,,kula,https://careers.kula.ai/ilant-health,ilant-health,,,
Intramotev,ats_master_db,,,,kula,https://careers.kula.ai/intramotev,intramotev,,,
Kickoff,ats_master_db,,,,kula,https://careers.kula.ai/kickoff,kickoff,,,
Linkby,ats_master_db,,,,kula,https://careers.kula.ai/linkby,linkby,,,
Maisa,ats_master_db,,,,kula,https://careers.kula.ai/maisa,maisa,,,
Motion,ats_master_db,,,,kula,https://careers.kula.ai/motion,motion,,,
Optura,ats_master_db,,,,kula,https://careers.kula.ai/optura,optura,,,
Paperid,ats_master_db,,,,kula,https://careers.kula.ai/paperid,paperid,,,
Pebblelife,ats_master_db,,,,kula,https://careers.kula.ai/pebblelife,pebblelife,,,
Plumhq,ats_master_db,,,,kula,https://careers.kula.ai/plumhq,plumhq,,,
Remotelyhr,ats_master_db,,,,kula,https://careers.kula.ai/remotelyhr,remotelyhr,,,
Robin,ats_master_db,,,,kula,https://careers.kula.ai/robin,robin,,,
Rocketlane,ats_master_db,,,,kula,https://careers.kula.ai/rocketlane,rocketlane,,,
Sochacapital,ats_master_db,,,,kula,https://careers.kula.ai/sochacapital,sochacapital,,,
Stan,ats_master_db,,,,kula,https://careers.kula.ai/stan,stan,,,
Traild,ats_master_db,,,,kula,https://careers.kula.ai/traild,traild,,,
Vidyard,ats_master_db,,,,kula,https://careers.kula.ai/vidyard,vidyard,,,
Virio,ats_master_db,,,,kula,https://careers.kula.ai/virio,virio,,,
Zamp Ai,ats_master_db,,,,kula,https://careers.kula.ai/zamp-ai,zamp-ai,,,
Achievers,ats_master_db,,,,lever,https://jobs.lever.co/achievers,achievers,,,
Actionlife,ats_master_db,,,,lever,https://jobs.lever.co/actionlife,actionlife,,,
Anyscale,ats_master_db,,,,lever,https://jobs.lever.co/anyscale,anyscale,,,
Apolloresearch,ats_master_db,,,,lever,https://jobs.lever.co/apolloresearch,apolloresearch,,,
Appen,ats_master_db,,,,lever,https://jobs.lever.co/appen,appen,,,
Appen 2,ats_master_db,,,,lever,https://jobs.lever.co/appen-2,appen-2,,,
Applydigital,ats_master_db,,,,lever,https://jobs.lever.co/applydigital,applydigital,,,
Articulate,ats_master_db,,,,lever,https://jobs.lever.co/articulate,articulate,,,
Bosta,ats_master_db,,,,lever,https://jobs.lever.co/Bosta,bosta,,,
Brilliant,ats_master_db,,,,lever,https://jobs.lever.co/brilliant,brilliant,,,
Businesswire,ats_master_db,,,,lever,https://jobs.lever.co/businesswire,businesswire,,,
Bv,ats_master_db,,,,lever,https://jobs.lever.co/bv,bv,,,
Charitywater,ats_master_db,,,,lever,https://jobs.lever.co/charitywater,charitywater,,,
Coatesgroup,ats_master_db,,,,lever,https://jobs.lever.co/coatesgroup,coatesgroup,,,
Communityactionhouse,ats_master_db,,,,lever,https://jobs.lever.co/communityactionhouse,communityactionhouse,,,
Crossfit,ats_master_db,,,,lever,https://jobs.lever.co/crossfit,crossfit,,,
Destinationknot,ats_master_db,,,,lever,https://jobs.lever.co/destinationknot,destinationknot,,,
Distro,ats_master_db,,,,lever,https://jobs.lever.co/distro,distro,,,
Erg,ats_master_db,,,,lever,https://jobs.lever.co/erg,erg,,,
Eyeline,ats_master_db,,,,lever,https://jobs.lever.co/Eyeline,eyeline,,,
Find,ats_master_db,,,,lever,https://jobs.lever.co/find,find,,,
Fireworkhq,ats_master_db,,,,lever,https://jobs.lever.co/fireworkhq,fireworkhq,,,
Floqast,ats_master_db,,,,lever,https://jobs.lever.co/floqast,floqast,,,
Goalbookapp 2,ats_master_db,,,,lever,https://jobs.lever.co/goalbookapp-2,goalbookapp-2,,,
Gohighlevel,ats_master_db,,,,lever,https://jobs.lever.co/gohighlevel,gohighlevel,,,
Happyco,ats_master_db,,,,lever,https://jobs.lever.co/happyco,happyco,,,
Hhaexchange,ats_master_db,,,,lever,https://jobs.lever.co/hhaexchange,hhaexchange,,,
Hypebeast,ats_master_db,,,,lever,https://jobs.lever.co/hypebeast,hypebeast,,,
Includedhealth,ats_master_db,,,,lever,https://jobs.lever.co/includedhealth,includedhealth,,,
Insomniacookies,ats_master_db,,,,lever,https://jobs.lever.co/insomniacookies,insomniacookies,,,
Instrumentl,ats_master_db,,,,lever,https://jobs.lever.co/Instrumentl,instrumentl,,,
Jobgether,ats_master_db,,,,lever,https://jobs.lever.co/jobgether,jobgether,,,
Knix,ats_master_db,,,,lever,https://jobs.lever.co/knix,knix,,,
Lever,ats_master_db,,,,lever,https://jobs.lever.co/lever,lever,,,
Liatrio,ats_master_db,,,,lever,https://jobs.lever.co/liatrio,liatrio,,,
Lodgify,ats_master_db,,,,lever,https://jobs.lever.co/lodgify,lodgify,,,
Lunaphysicaltherapy,ats_master_db,,,,lever,https://jobs.lever.co/lunaphysicaltherapy,lunaphysicaltherapy,,,
Lvs1,ats_master_db,,,,lever,https://jobs.lever.co/lvs1,lvs1,,,
Minted,ats_master_db,,,,lever,https://jobs.lever.co/minted,minted,,,
Phoenixtailings,ats_master_db,,,,lever,https://jobs.lever.co/PhoenixTailings,phoenixtailings,,,
Pmaconsultants,ats_master_db,,,,lever,https://jobs.lever.co/pmaconsultants,pmaconsultants,,,
Pointclickcare,ats_master_db,,,,lever,https://jobs.lever.co/pointclickcare,pointclickcare,,,
Policyme,ats_master_db,,,,lever,https://jobs.lever.co/policyme,policyme,,,
Princesspolly,ats_master_db,,,,lever,https://jobs.lever.co/princesspolly,princesspolly,,,
Promenade,ats_master_db,,,,lever,https://jobs.lever.co/promenade,promenade,,,
Rws,ats_master_db,,,,lever,https://jobs.lever.co/rws,rws,,,
Sandboxvr,ats_master_db,,,,lever,https://jobs.lever.co/sandboxvr,sandboxvr,,,
Shieldai,ats_master_db,,,,lever,https://jobs.lever.co/shieldai,shieldai,,,
Skyways,ats_master_db,,,,lever,https://jobs.lever.co/skyways,skyways,,,
Smarsh,ats_master_db,,,,lever,https://jobs.lever.co/smarsh,smarsh,,,
Sunrisefarms,ats_master_db,,,,lever,https://jobs.lever.co/sunrisefarms,sunrisefarms,,,
Swordhealth,ats_master_db,,,,lever,https://jobs.lever.co/swordhealth,swordhealth,,,
Thinkahead,ats_master_db,,,,lever,https://jobs.lever.co/thinkahead,thinkahead,,,
Tripscout,ats_master_db,,,,lever,https://jobs.lever.co/tripscout,tripscout,,,
Verisinsights,ats_master_db,,,,lever,https://jobs.lever.co/verisinsights,verisinsights,,,
Voltus,ats_master_db,,,,lever,https://jobs.lever.co/voltus,voltus,,,
Vrchat,ats_master_db,,,,lever,https://jobs.lever.co/vrchat,vrchat,,,
Waveapps,ats_master_db,,,,lever,https://jobs.lever.co/waveapps,waveapps,,,
Webfx,ats_master_db,,,,lever,https://jobs.lever.co/webfx,webfx,,,
Welocalize,ats_master_db,,,,lever,https://jobs.lever.co/welocalize,welocalize,,,
Whoop,ats_master_db,,,,lever,https://jobs.lever.co/whoop,whoop,,,
Yuno,ats_master_db,,,,lever,https://jobs.lever.co/yuno,yuno,,,
Zopa,ats_master_db,,,,lever,https://jobs.lever.co/zopa,zopa,,,
Coinbase,manual_workday,,,,workday,https://coinbase.wd1.myworkdayjobs.com/en-US/Coinbase,Coinbase,,ats_workday,
Salesforce,manual_workday,,,,workday,https://salesforce.wd1.myworkdayjobs.com/en-US/salesforce,salesforce,,ats_workday,
Hubspot,manual_workday,,,,workday,https://hubspot.wd1.myworkdayjobs.com/en-US/hubspot,hubspot,,ats_workday,
Twilio,manual_workday,,,,workday,https://twilio.wd1.myworkdayjobs.com/en-US/Twilio,Twilio,,ats_workday,
Cloudflare,manual_workday,,,,workday,https://cloudflare.wd1.myworkdayjobs.com/en-US/Cloudflare,Cloudflare,,ats_workday,
Figma,manual_workday,,,,workday,https://figma.wd1.myworkdayjobs.com/en-US/Figma,Figma,,ats_workday,
Canva,manual_workday,,,,workday,https://canva.wd1.myworkdayjobs.com/en-US/Canva,Canva,,ats_workday,
Spotify,manual_workday,,,,workday,https://spotify.wd1.myworkdayjobs.com/en-US/Spotify,Spotify,,ats_workday,
Reddit,manual_workday,,,,workday,https://reddit.wd1.myworkdayjobs.com/en-US/reddit,reddit,,ats_workday,
Discord,manual_workday,,,,workday,https://discord.wd1.myworkdayjobs.com/en-US/Discord,Discord,,ats_workday,
Stripe,manual_workday,,,,workday,https://stripe.wd1.myworkdayjobs.com/en-US/stripe,stripe,,ats_workday,
Shopify,manual_workday,,,,workday,https://shopify.wd1.myworkdayjobs.com/en-US/shopify,shopify,,ats_workday,
Atlassian,manual_workday,,,,workday,https://atlassian.wd1.myworkdayjobs.com/en-US/atlassian,atlassian,,ats_workday,
Asana,manual_workday,,,,workday,https://asana.wd1.myworkdayjobs.com/en-US/asana,asana,,ats_workday,
Zendesk,manual_workday,,,,workday,https://zendesk.wd1.myworkdayjobs.com/en-US/zendesk,zendesk,,ats_workday,
Okta,manual_workday,,,,workday,https://okta.wd1.myworkdayjobs.com/en-US/okta,okta,,ats_workday,
Datadog,manual_workday,,,,workday,https://datadog.wd1.myworkdayjobs.com/en-US/datadog,datadog,,ats_workday,
MongoDB,manual_workday,,,,workday,https://mongodb.wd1.myworkdayjobs.com/en-US/mongodb,mongodb,,ats_workday,
Twitch,manual_workday,,,,workday,https://twitch.wd1.myworkdayjobs.com/en-US/twitch,twitch,,ats_workday,
